analysis_neighborhood,year,total_crime,violent_crime,property_crime,total_units,median_value,parcel_count,pct_residential,log_median_value,density,population,pop_white,pop_hispanic,pop_black,pop_asian,median_hh_income,log_income,crime_rate,violent_rate,property_rate,pct_white,pct_hispanic,pct_black,pct_asian,in_hospitality_zone
Bayview Hunters Point,2018,7385,1038,3127,9762.0,344440.0,10393.0,0.7718656788222842,12.749675188810102,0.9392860579236024,39816.0,15992.0,193236.0,47907.0,76029.0,53628.67472118959,10.889839180151771,185.47819971870604,26.069921639541892,78.53626682740607,0.40164757886276875,4.853224834237492,1.2032097649186257,1.9095087402049427,0
Bayview Hunters Point,2019,7563,987,3297,9854.0,373871.0,10477.0,0.7797079316598263,12.83166609711206,0.9405364130953517,39816.0,15992.0,193236.0,47907.0,76029.0,65118.87645093211,11.08396974700995,189.9487643158529,24.789029535864977,82.80590717299579,0.40164757886276875,4.853224834237492,1.2032097649186257,1.9095087402049427,0
Bayview Hunters Point,2020,7448,1111,3327,9744.0,396226.0,10507.0,0.781288664699724,12.88974003451598,0.927381745502998,39816.0,15992.0,193236.0,47907.0,76029.0,78521.1518006002,11.271123317164626,187.06047819971872,27.903355435001004,83.55937311633514,0.40164757886276875,4.853224834237492,1.2032097649186257,1.9095087402049427,0
Bayview Hunters Point,2021,8440,1046,4069,9550.0,412226.0,10397.0,0.789650860825238,12.929327021625891,0.9185341925555449,39816.0,15992.0,193236.0,47907.0,76029.0,83023.31453707583,11.326876745371326,211.9750853928069,26.270845891099057,102.195097448262,0.40164757886276875,4.853224834237492,1.2032097649186257,1.9095087402049427,0
Bayview Hunters Point,2022,8435,1067,4328,10206.0,431530.0,10397.0,0.7905164951428296,12.97509231200197,0.9816293161488892,39816.0,15992.0,193236.0,47907.0,76029.0,92689.53910408648,11.437010898412662,211.8495077355837,26.79827205143661,108.70002009242516,0.40164757886276875,4.853224834237492,1.2032097649186257,1.9095087402049427,0
Bayview Hunters Point,2023,8320,976,4285,10123.0,482696.0,9845.0,0.8354494667343829,13.087142334893718,1.0282376841036058,39816.0,15992.0,193236.0,47907.0,76029.0,95521.27619366167,11.467104289023586,208.96122161944947,24.51275868997388,107.62005224030541,0.40164757886276875,4.853224834237492,1.2032097649186257,1.9095087402049427,0
Bernal Heights,2018,2753,262,1386,8403.0,481071.0,6925.0,0.9422382671480144,13.08377014734235,1.2134296028880867,24725.0,54210.0,125557.0,4547.0,19969.0,,,111.34479271991911,10.596562184024267,56.05662285136501,2.1925176946410514,5.078139534883721,0.18390293225480284,0.8076440849342771,0
Bernal Heights,2019,2651,258,1330,8523.0,519583.0,6935.0,0.9431867339581831,13.160781845768373,1.228983417447729,24725.0,54210.0,125557.0,4547.0,19969.0,,,107.21941354903944,10.434782608695652,53.791708796764404,2.1925176946410514,5.078139534883721,0.18390293225480284,0.8076440849342771,0
Bernal Heights,2020,2640,266,1469,8502.0,554949.0,6948.0,0.9431491076568796,13.226631496614361,1.2236614853195165,24725.0,54210.0,125557.0,4547.0,19969.0,,,106.77451971688575,10.758341759352883,59.413549039433775,2.1925176946410514,5.078139534883721,0.18390293225480284,0.8076440849342771,0
Bernal Heights,2021,2844,315,1560,8503.0,578755.5,6950.0,0.9433093525179856,13.268635387577167,1.223453237410072,24725.0,54210.0,125557.0,4547.0,19969.0,,,115.0252780586451,12.740141557128412,63.09403437815976,2.1925176946410514,5.078139534883721,0.18390293225480284,0.8076440849342771,0
Bernal Heights,2022,2764,250,1658,8520.0,624201.0,6953.0,0.9437652811735942,13.344227710868157,1.2253703437365167,24725.0,54210.0,125557.0,4547.0,19969.0,,,111.78968655207281,10.111223458038422,67.05763397371082,2.1925176946410514,5.078139534883721,0.18390293225480284,0.8076440849342771,0
Bernal Heights,2023,2972,237,1742,8506.0,664575.5,6954.0,0.9449237848720161,13.406903769943861,1.2231809030773655,24725.0,54210.0,125557.0,4547.0,19969.0,,,120.20222446916077,9.585439838220426,70.45500505561172,2.1925176946410514,5.078139534883721,0.18390293225480284,0.8076440849342771,0
Castro/Upper Market,2018,4341,409,2174,10704.0,819068.0,6249.0,0.961433829412706,13.615922387471594,1.7129140662506002,22024.0,77372.0,112360.0,3287.0,14738.0,129091.72461399752,11.768278474191494,197.10316018888486,18.570650199782058,98.71049763893934,3.5130766436614604,5.101707228478024,0.1492462767889575,0.6691790773701417,0
Castro/Upper Market,2019,4018,434,1899,10668.0,861693.0,6269.0,0.9617163821981177,13.666654337718015,1.7017068112936673,22024.0,77372.0,112360.0,3287.0,14738.0,136217.03008484037,11.822004702214663,182.4373410824555,19.705775517617145,86.22411914275337,3.5130766436614604,5.101707228478024,0.1492462767889575,0.6691790773701417,0
Castro/Upper Market,2020,3329,290,1756,10636.0,907695.0,6287.0,0.9619850485128042,13.718663698071653,1.691744870367425,22024.0,77372.0,112360.0,3287.0,14738.0,177695.03357206803,12.087824065367643,151.15328732292045,13.167453686887033,79.73120232473666,3.5130766436614604,5.101707228478024,0.1492462767889575,0.6691790773701417,0
Castro/Upper Market,2021,3593,298,1932,10608.0,941110.0,6305.0,0.9627279936558287,13.754815308653777,1.6824742268041237,22024.0,77372.0,112360.0,3287.0,14738.0,206992.04742839545,12.240435653289195,163.14021067925898,13.530693788594261,87.72248456229568,3.5130766436614604,5.101707228478024,0.1492462767889575,0.6691790773701417,0
Castro/Upper Market,2022,3133,261,1797,10555.0,1004805.5,6326.0,0.9634840341447992,13.820304548407206,1.6685109073664244,22024.0,77372.0,112360.0,3287.0,14738.0,208031.58659217876,12.245445205770347,142.25390483109334,11.850708318198329,81.5928078459862,3.5130766436614604,5.101707228478024,0.1492462767889575,0.6691790773701417,0
Castro/Upper Market,2023,2852,300,1560,10528.0,1068535.0,6371.0,0.9651546068121174,13.881799109405147,1.6524878355046304,22024.0,77372.0,112360.0,3287.0,14738.0,211306.28386787936,12.261063942243254,129.49509625862694,13.621503814021068,70.83181983290955,3.5130766436614604,5.101707228478024,0.1492462767889575,0.6691790773701417,0
Chinatown,2018,2828,211,1325,5934.0,780104.0,1381.0,0.5879797248370746,13.56718252311101,4.296886314265025,12644.0,6369.0,65490.0,0.0,57182.0,48200.29892141757,10.783120501708622,223.66339765896868,16.687757038911737,104.79278709269218,0.5037171781081936,5.179531793736159,0.0,4.522461246441,1
Chinatown,2019,2760,185,1264,5960.0,847902.0,1405.0,0.5914590747330961,13.650520342058035,4.241992882562277,12644.0,6369.0,65490.0,0.0,57182.0,51290.89880952381,10.845268604299253,218.28535273647577,14.6314457450174,99.9683644416324,0.5037171781081936,5.179531793736159,0.0,4.522461246441,1
Chinatown,2020,1839,163,744,5960.0,885616.5,1406.0,0.5910384068278806,13.694039291639315,4.238975817923186,12644.0,6369.0,65490.0,0.0,57182.0,56266.69219173952,10.937858026120441,145.44447959506485,12.891490034799114,58.84213856374565,0.5037171781081936,5.179531793736159,0.0,4.522461246441,1
Chinatown,2021,2032,194,797,5961.0,915803.5,1406.0,0.5910384068278806,13.72755710099298,4.239687055476529,12644.0,6369.0,65490.0,0.0,57182.0,60224.58588779641,11.00583595137469,160.70863650743436,15.343245808288517,63.033850047453335,0.5037171781081936,5.179531793736159,0.0,4.522461246441,1
Chinatown,2022,2255,193,1023,5971.0,957325.5,1408.0,0.5909090909090909,13.771898737997413,4.240767045454546,12644.0,6369.0,65490.0,0.0,57182.0,69989.16155691816,11.156095674142167,178.34546029737425,15.264156912369504,80.90794052515027,0.5037171781081936,5.179531793736159,0.0,4.522461246441,1
Chinatown,2023,2204,183,1077,5948.0,987562.5,1406.0,0.5931721194879089,13.802995064893855,4.230440967283073,12644.0,6369.0,65490.0,0.0,57182.0,48252.61390284757,10.784205279452047,174.3119266055046,14.473267953179374,85.17874090477696,0.5037171781081936,5.179531793736159,0.0,4.522461246441,1
Excelsior,2018,2302,248,926,9785.0,364622.5,8786.0,0.9765536080127476,12.806617850787244,1.1137036193944911,37915.0,28266.0,195519.0,3171.0,97992.0,79218.67860422406,11.279967390958834,60.714756692601874,6.540946854806805,24.423051562706053,0.7455096927337466,5.156771726229724,0.08363444547013056,2.5845180007912436,0
Excelsior,2019,2063,259,905,9786.0,379954.0,8787.0,0.9766700808011836,12.847805471743529,1.1136906794127688,37915.0,28266.0,195519.0,3171.0,97992.0,81738.07760180996,11.31127523839064,54.411182909138866,6.831069497560333,23.869181062903863,0.7455096927337466,5.156771726229724,0.08363444547013056,2.5845180007912436,0
Excelsior,2020,2236,226,1221,9786.0,397704.0,8787.0,0.9766700808011836,12.89346328897774,1.1136906794127688,37915.0,28266.0,195519.0,3171.0,97992.0,108892.05537251568,11.598112352839395,58.974020836080705,5.96070156929975,32.20361334564157,0.7455096927337466,5.156771726229724,0.08363444547013056,2.5845180007912436,0
Excelsior,2021,2168,246,1154,9788.0,408203.0,8788.0,0.9769003186162949,12.919519878669435,1.1137915339098772,37915.0,28266.0,195519.0,3171.0,97992.0,97258.84705882354,11.485131229670197,57.18053540814981,6.4881972833970725,30.436502703415535,0.7455096927337466,5.156771726229724,0.08363444547013056,2.5845180007912436,0
Excelsior,2022,2115,246,1123,9824.0,425146.0,8789.0,0.9774718397997497,12.9601879183256,1.1177608374103993,37915.0,28266.0,195519.0,3171.0,97992.0,107416.62393858325,11.584470234354345,55.7826717657919,6.4881972833970725,29.618884346564684,0.7455096927337466,5.156771726229724,0.08363444547013056,2.5845180007912436,0
Excelsior,2023,2365,228,1350,9834.0,448673.0,8781.0,0.9783623733060016,13.014049616318031,1.1199180047830544,37915.0,28266.0,195519.0,3171.0,97992.0,101568.4428852782,11.528488164357023,62.376368192008435,6.013451140709482,35.6059607015693,0.7455096927337466,5.156771726229724,0.08363444547013056,2.5845180007912436,0
Financial District/South Beach,2018,12389,834,7377,17047.0,997806.0,8715.0,0.8796328169822146,13.8133141476201,1.9560527825588065,24519.0,48495.0,109012.0,311.0,49893.0,90057.72984356197,11.408206186382206,505.2816183368001,34.01443778294384,300.86871405848524,1.9778539092132632,4.446021452750927,0.012684040947836372,2.034870916432155,1
Financial District/South Beach,2019,11681,853,6924,17909.0,1047956.0,8983.0,0.8723143715907826,13.862352158248916,1.9936546810642324,24519.0,48495.0,109012.0,311.0,49893.0,95546.65451609182,11.46736993614171,476.4060524491211,34.78934703699172,282.3932460540805,1.9778539092132632,4.446021452750927,0.012684040947836372,2.034870916432155,1
Financial District/South Beach,2020,6698,486,3666,17739.0,1092420.0,8976.0,0.8724376114081996,13.903905976726065,1.9762700534759359,24519.0,48495.0,109012.0,311.0,49893.0,120791.50364238412,11.70182122792307,273.17590440066886,19.821363024593172,149.5167013336596,1.9778539092132632,4.446021452750927,0.012684040947836372,2.034870916432155,1
Financial District/South Beach,2021,7658,536,4194,17747.0,1084000.0,9510.0,0.8800210304942166,13.896168460981729,1.8661409043112513,24519.0,48495.0,109012.0,311.0,49893.0,122617.85585287052,11.716827935051175,312.3292140788776,21.860597903666545,171.0510216566744,1.9778539092132632,4.446021452750927,0.012684040947836372,2.034870916432155,1
Financial District/South Beach,2022,8097,574,4746,16840.0,1159262.0,9640.0,0.8626556016597511,13.96329415372051,1.7468879668049793,24519.0,48495.0,109012.0,311.0,49893.0,135563.57436433298,11.817195992770342,330.23369631714183,23.41041641176231,193.56417472164443,1.9778539092132632,4.446021452750927,0.012684040947836372,2.034870916432155,1
Financial District/South Beach,2023,7218,622,4001,17391.0,1169742.0,9637.0,0.8669710490816644,13.972293769636899,1.8046072429179205,24519.0,48495.0,109012.0,311.0,49893.0,130285.93413870246,11.777486807467842,294.38394714303195,25.368081895672745,163.1795750234512,1.9778539092132632,4.446021452750927,0.012684040947836372,2.034870916432155,1
Glen Park,2018,691,56,389,3490.0,544460.0,2923.0,0.9798152582962709,13.20754975676505,1.1939787889154978,8458.0,24441.0,40220.0,590.0,6391.0,,,81.69780089855757,6.620950579333176,45.991960274296524,2.8896902340978956,4.755261291085363,0.06975644360368881,0.7556159848663987,0
Glen Park,2019,702,31,424,3487.0,571910.0,2927.0,0.9798428425008541,13.256736915324938,1.191322172873249,8458.0,24441.0,40220.0,590.0,6391.0,,,82.99834476235516,3.6651690707022935,50.13005438637976,2.8896902340978956,4.755261291085363,0.06975644360368881,0.7556159848663987,0
Glen Park,2020,713,63,432,3485.0,602855.0,2927.0,0.9798428425008541,13.309431982448194,1.1906388793987017,8458.0,24441.0,40220.0,590.0,6391.0,,,84.29888862615276,7.448569401749823,51.07590446914164,2.8896902340978956,4.755261291085363,0.06975644360368881,0.7556159848663987,0
Glen Park,2021,723,49,455,3481.0,637283.0,2929.0,0.9795151928986002,13.364969105911296,1.1884602253328782,8458.0,24441.0,40220.0,590.0,6391.0,,,85.4812012296051,5.793331756916529,53.79522345708206,2.8896902340978956,4.755261291085363,0.06975644360368881,0.7556159848663987,0
Glen Park,2022,748,50,472,3483.0,676239.5,2932.0,0.9798772169167803,13.424302582220069,1.1879263301500682,8458.0,24441.0,40220.0,590.0,6391.0,,,88.43698273823598,5.911563017261764,55.80515488295106,2.8896902340978956,4.755261291085363,0.06975644360368881,0.7556159848663987,0
Glen Park,2023,738,43,464,3485.0,709952.0,2932.0,0.980218281036835,13.472952641098331,1.1886084583901773,8458.0,24441.0,40220.0,590.0,6391.0,,,87.25467013478364,5.083944194845118,54.85930480018917,2.8896902340978956,4.755261291085363,0.06975644360368881,0.7556159848663987,0
Golden Gate Park,2018,2033,88,1115,42.0,2244981.5,2.0,0.5,14.624207838590017,21.0,25.0,0.0,0.0,0.0,0.0,,,81320.0,3520.0,44600.0,0.0,0.0,0.0,0.0,0
Golden Gate Park,2019,1935,86,1156,42.0,2289879.0,2.0,0.5,14.644009535706475,21.0,25.0,0.0,0.0,0.0,0.0,,,77400.0,3440.0,46240.0,0.0,0.0,0.0,0.0,0
Golden Gate Park,2020,1385,57,884,42.0,2335674.0,2.0,0.5,14.663811058397057,21.0,25.0,0.0,0.0,0.0,0.0,,,55400.0,2280.0,35360.0,0.0,0.0,0.0,0.0,0
Golden Gate Park,2021,1855,69,1255,42.0,2359833.5,2.0,0.5,14.674101623665507,21.0,25.0,0.0,0.0,0.0,0.0,,,74200.0,2760.0,50200.0,0.0,0.0,0.0,0.0,0
Golden Gate Park,2022,1860,71,1263,42.0,2356978.5,2.0,0.5,14.67289106011171,21.0,25.0,0.0,0.0,0.0,0.0,,,74400.0,2840.0,50520.0,0.0,0.0,0.0,0.0,0
Golden Gate Park,2023,1892,65,1297,42.0,2404116.0,2.0,0.5,14.692692826384915,21.0,25.0,0.0,0.0,0.0,0.0,,,75680.0,2600.0,51880.0,0.0,0.0,0.0,0.0,0
Haight Ashbury,2018,2613,176,1229,8093.0,827924.0,3824.0,0.9680962343096234,13.626676641715058,2.116370292887029,17780.0,66627.0,92699.0,3257.0,10329.0,149718.18208039275,11.916510019815293,146.962879640045,9.898762654668166,69.12260967379078,3.7473003374578178,5.213667041619797,0.18318335208098988,0.580933633295838,0
Haight Ashbury,2019,2297,132,1000,8096.0,874651.0,3829.0,0.969182554191695,13.681580228632226,2.1143901802037086,17780.0,66627.0,92699.0,3257.0,10329.0,167086.53459042488,12.026267128394704,129.19010123734535,7.424071991001125,56.2429696287964,3.7473003374578178,5.213667041619797,0.18318335208098988,0.580933633295838,0
Haight Ashbury,2020,1952,100,1139,8073.0,924525.0,3846.0,0.96931877275091,13.73703537108783,2.0990639625585024,17780.0,66627.0,92699.0,3257.0,10329.0,185401.8877357639,12.130281114024106,109.78627671541058,5.624296962879639,64.0607424071991,3.7473003374578178,5.213667041619797,0.18318335208098988,0.580933633295838,0
Haight Ashbury,2021,2033,108,1243,8078.0,951728.0,3851.0,0.9696182809659829,13.766034558663685,2.0976369774084653,17780.0,66627.0,92699.0,3257.0,10329.0,190610.47337941345,12.157987218217299,114.34195725534309,6.074240719910011,69.91001124859393,3.7473003374578178,5.213667041619797,0.18318335208098988,0.580933633295838,0
Haight Ashbury,2022,1848,124,1145,8050.0,1005518.0,3865.0,0.969987063389392,13.821013389576136,2.0827943078913327,17780.0,66627.0,92699.0,3257.0,10329.0,204921.77817632625,12.23038361543266,103.93700787401575,6.974128233970754,64.39820022497187,3.7473003374578178,5.213667041619797,0.18318335208098988,0.580933633295838,0
Haight Ashbury,2023,1706,114,1044,8045.0,1079137.0,3871.0,0.969258589511754,13.891672205596464,2.078274347713769,17780.0,66627.0,92699.0,3257.0,10329.0,212611.13247496425,12.267220106994909,95.95050618672666,6.411698537682789,58.71766029246344,3.7473003374578178,5.213667041619797,0.18318335208098988,0.580933633295838,0
Hayes Valley,2018,3625,199,2390,9281.0,475917.0,4718.0,0.6748622297583722,13.072998748261487,1.9671470962272148,18240.0,53373.0,95084.0,7075.0,16790.0,155707.23501809893,11.955732824424574,198.7390350877193,10.910087719298245,131.03070175438597,2.9261513157894736,5.212938596491228,0.38788377192982454,0.9205043859649122,0
Hayes Valley,2019,4100,257,2621,9312.0,523712.0,4733.0,0.6756813860130995,13.168697193887054,1.967462497358969,18240.0,53373.0,95084.0,7075.0,16790.0,171928.45816204746,12.054833728349843,224.78070175438597,14.089912280701755,143.6951754385965,2.9261513157894736,5.212938596491228,0.38788377192982454,0.9205043859649122,0
Hayes Valley,2020,3319,169,2194,9308.0,560783.0,4889.0,0.6856207813458784,13.23708930040567,1.9038658212313357,18240.0,53373.0,95084.0,7075.0,16790.0,178832.56242456753,12.094205241608858,181.96271929824562,9.265350877192981,120.28508771929825,2.9261513157894736,5.212938596491228,0.38788377192982454,0.9205043859649122,0
Hayes Valley,2021,3299,230,2083,9178.0,596142.5,4896.0,0.6862745098039216,13.298235011428813,1.8745915032679739,18240.0,53373.0,95084.0,7075.0,16790.0,191537.37098707873,12.162838217321386,180.86622807017545,12.609649122807017,114.19956140350877,2.9261513157894736,5.212938596491228,0.38788377192982454,0.9205043859649122,0
Hayes Valley,2022,3467,252,2252,9282.0,627708.0,4914.0,0.6876271876271877,13.349830369166257,1.8888888888888888,18240.0,53373.0,95084.0,7075.0,16790.0,208258.8749146525,12.246537175758013,190.0767543859649,13.81578947368421,123.46491228070175,2.9261513157894736,5.212938596491228,0.38788377192982454,0.9205043859649122,0
Hayes Valley,2023,3674,220,2392,9307.0,662871.5,4924.0,0.6882615759545085,13.40433643439532,1.8901299756295695,18240.0,53373.0,95084.0,7075.0,16790.0,212931.9354184767,12.268727841598004,201.42543859649123,12.06140350877193,131.140350877193,2.9261513157894736,5.212938596491228,0.38788377192982454,0.9205043859649122,0
Inner Richmond,2018,1726,90,857,9439.0,670331.0,4494.0,0.951935914552737,13.415526899225325,2.100356030262572,20261.0,50602.0,105603.0,0.0,39969.0,100652.61010323744,11.519430363203007,85.18829277923103,4.442031489067667,42.29801095701101,2.497507526775579,5.212131681555698,0.0,1.972706184294951,0
Inner Richmond,2019,1757,122,907,9444.0,711218.0,4498.0,0.9519786571809693,13.474734272197889,2.099599822143175,20261.0,50602.0,105603.0,0.0,39969.0,108989.31496062993,11.599005128522105,86.71832584768767,6.021420462958393,44.76580622871527,2.497507526775579,5.212131681555698,0.0,1.972706184294951,0
Inner Richmond,2020,1509,82,911,9434.0,744302.0,4505.0,0.9520532741398446,13.52020214543293,2.0941176470588236,20261.0,50602.0,105603.0,0.0,39969.0,138684.73413669743,11.839958536342762,74.47806130003455,4.047184245594986,44.963229850451604,2.497507526775579,5.212131681555698,0.0,1.972706184294951,0
Inner Richmond,2021,1553,103,832,9447.0,771465.0,4509.0,0.9520958083832335,13.556046583586477,2.0951430472388557,20261.0,50602.0,105603.0,0.0,39969.0,137015.01856763926,11.827845823383235,76.64972113913429,5.0836582597107745,41.06411332115888,2.497507526775579,5.212131681555698,0.0,1.972706184294951,0
Inner Richmond,2022,1599,114,861,9459.0,809746.0,4511.0,0.9530037685657282,13.604475897225141,2.096874307248947,20261.0,50602.0,105603.0,0.0,39969.0,163595.6562113083,12.00515315152267,78.92009278910221,5.626573219485712,42.49543457874735,2.497507526775579,5.212131681555698,0.0,1.972706184294951,0
Inner Richmond,2023,1477,72,846,9457.0,854036.0,4513.0,0.9532461777088411,13.657728626448973,2.0955018834478176,20261.0,50602.0,105603.0,0.0,39969.0,160927.43267973856,11.988708813660612,72.89867232614382,3.5536251912541337,41.75509599723607,2.497507526775579,5.212131681555698,0.0,1.972706184294951,0
Inner Sunset,2018,1427,94,726,11907.0,570857.0,6997.0,0.9755609546948693,13.254894019444986,1.7017293125625268,27534.0,65821.0,140258.0,3273.0,47851.0,106853.67397972224,11.579215644617765,51.82683228009007,3.413960921043074,26.367400305077357,2.390535338127406,5.093992881528292,0.11887121377206362,1.7378877024769377,0
Inner Sunset,2019,1541,94,835,11883.0,606520.0,7011.0,0.9758950221081159,13.315492982914876,1.694908001711596,27534.0,65821.0,140258.0,3273.0,47851.0,118592.47558989353,11.683448319940329,55.96716786518486,3.413960921043074,30.326142224159224,2.390535338127406,5.093992881528292,0.11887121377206362,1.7378877024769377,0
Inner Sunset,2020,1367,80,869,11875.0,639236.0,7017.0,0.9759156334615933,13.36802899224877,1.692318654695739,27534.0,65821.0,140258.0,3273.0,47851.0,117668.944321162,11.675630403897054,49.64770828793492,2.9054986562068716,31.56097915304714,2.390535338127406,5.093992881528292,0.11887121377206362,1.7378877024769377,0
Inner Sunset,2021,1435,77,941,11865.0,666558.0,7028.0,0.975953329538987,13.409882436570166,1.6882470119521913,27534.0,65821.0,140258.0,3273.0,47851.0,127908.33588135372,11.759069160434175,52.117382145710756,2.796542456599114,34.175927943633326,2.390535338127406,5.093992881528292,0.11887121377206362,1.7378877024769377,0
Inner Sunset,2022,1360,72,861,11871.0,702801.0,7031.0,0.9758213625373346,13.462829058173975,1.6883800312900015,27534.0,65821.0,140258.0,3273.0,47851.0,142981.41808335617,11.870469957325627,49.39347715551681,2.6149487905861846,31.270429287426452,2.390535338127406,5.093992881528292,0.11887121377206362,1.7378877024769377,0
Inner Sunset,2023,1541,88,960,11864.0,743606.0,7027.0,0.9768037569375266,13.519266603651095,1.6883449551729046,27534.0,65821.0,140258.0,3273.0,47851.0,152924.47527706734,11.937699452861246,55.96716786518486,3.1960485218275587,34.86598387448245,2.390535338127406,5.093992881528292,0.11887121377206362,1.7378877024769377,0
Japantown,2018,1100,47,779,2553.0,209500.0,880.0,0.8272727272727273,12.25247901834433,2.901136363636364,3936.0,7620.0,13579.0,0.0,5959.0,,,279.4715447154472,11.941056910569106,197.91666666666666,1.9359756097560976,3.4499491869918697,0.0,1.5139735772357723,0
Japantown,2019,1258,60,891,2479.0,215864.0,881.0,0.8286038592508513,12.282403858736696,2.8138479001135073,3936.0,7620.0,13579.0,0.0,5959.0,,,319.6138211382114,15.24390243902439,226.3719512195122,1.9359756097560976,3.4499491869918697,0.0,1.5139735772357723,0
Japantown,2020,699,38,492,2479.0,290562.0,881.0,0.8286038592508513,12.579572257631288,2.8138479001135073,3936.0,7620.0,13579.0,0.0,5959.0,,,177.59146341463415,9.654471544715447,125.0,1.9359756097560976,3.4499491869918697,0.0,1.5139735772357723,0
Japantown,2021,913,49,636,2407.0,293699.0,880.0,0.8284090909090909,12.59031071234605,2.735227272727273,3936.0,7620.0,13579.0,0.0,5959.0,,,231.96138211382114,12.449186991869919,161.58536585365854,1.9359756097560976,3.4499491869918697,0.0,1.5139735772357723,0
Japantown,2022,1214,62,890,2405.0,299704.0,881.0,0.8286038592508513,12.610550599895701,2.7298524404086266,3936.0,7620.0,13579.0,0.0,5959.0,,,308.4349593495935,15.752032520325201,226.11788617886177,1.9359756097560976,3.4499491869918697,0.0,1.5139735772357723,0
Japantown,2023,900,62,615,2405.0,307430.0,881.0,0.8286038592508513,12.636002698037851,2.7298524404086266,3936.0,7620.0,13579.0,0.0,5959.0,,,228.65853658536585,15.752032520325201,156.25,1.9359756097560976,3.4499491869918697,0.0,1.5139735772357723,0
Lakeshore,2018,1614,121,992,4147.0,1045602.0,483.0,0.8612836438923396,13.860103354067673,8.58592132505176,12019.0,20978.0,65500.0,4823.0,21098.0,,,134.2873783176637,10.067393293951245,82.53598469090606,1.7454031117397455,5.449704634328979,0.4012813046010483,1.755387303436226,0
Lakeshore,2019,1803,113,1136,3611.0,1109571.0,490.0,0.8612244897959184,13.919484012096879,7.369387755102041,12019.0,20978.0,65500.0,4823.0,21098.0,,,150.0124802396206,9.401780514185873,94.51701472668275,1.7454031117397455,5.449704634328979,0.4012813046010483,1.755387303436226,0
Lakeshore,2020,1208,97,687,3611.0,1153869.0,489.0,0.8629856850715747,13.95863120140893,7.384458077709612,12019.0,20978.0,65500.0,4823.0,21098.0,,,100.5075297445711,8.07055495465513,57.159497462351275,1.7454031117397455,5.449704634328979,0.4012813046010483,1.755387303436226,0
Lakeshore,2021,1516,142,854,3611.0,1181000.0,489.0,0.8629856850715747,13.981872095179499,7.384458077709612,12019.0,20978.0,65500.0,4823.0,21098.0,,,126.13362176553791,11.814626840835343,71.05416423995341,1.7454031117397455,5.449704634328979,0.4012813046010483,1.755387303436226,0
Lakeshore,2022,1914,99,1264,3611.0,1224655.0,488.0,0.8647540983606558,14.01816972964198,7.399590163934426,12019.0,20978.0,65500.0,4823.0,21098.0,,,159.24785755886515,8.236958149596472,105.16681920292869,1.7454031117397455,5.449704634328979,0.4012813046010483,1.755387303436226,0
Lakeshore,2023,1925,152,1176,3611.0,1256204.0,488.0,0.8647540983606558,14.043605033203685,7.399590163934426,12019.0,20978.0,65500.0,4823.0,21098.0,,,160.16307513104252,12.646642815542059,97.8450786255096,1.7454031117397455,5.449704634328979,0.4012813046010483,1.755387303436226,0
Lincoln Park,2018,153,1,117,60.0,557921.0,41.0,1.0,13.231972654279538,1.4634146341463414,179.0,0.0,105.0,0.0,105.0,,,854.7486033519554,5.58659217877095,653.6312849162011,0.0,0.5865921787709497,0.0,0.5865921787709497,0
Lincoln Park,2019,210,3,170,60.0,628981.0,41.0,1.0,13.351856328549081,1.4634146341463414,179.0,0.0,105.0,0.0,105.0,,,1173.1843575418993,16.75977653631285,949.7206703910615,0.0,0.5865921787709497,0.0,0.5865921787709497,0
Lincoln Park,2020,184,4,139,60.0,699214.0,41.0,1.0,13.457712126006303,1.4634146341463414,179.0,0.0,105.0,0.0,105.0,,,1027.9329608938547,22.3463687150838,776.5363128491621,0.0,0.5865921787709497,0.0,0.5865921787709497,0
Lincoln Park,2021,294,9,227,60.0,706457.0,41.0,1.0,13.468017615843285,1.4634146341463414,179.0,0.0,105.0,0.0,105.0,,,1642.4581005586592,50.27932960893855,1268.1564245810055,0.0,0.5865921787709497,0.0,0.5865921787709497,0
Lincoln Park,2022,213,6,175,58.0,729121.0,42.0,1.0,13.499594978013118,1.380952380952381,179.0,0.0,105.0,0.0,105.0,,,1189.9441340782123,33.5195530726257,977.6536312849162,0.0,0.5865921787709497,0.0,0.5865921787709497,0
Lincoln Park,2023,268,4,229,58.0,861178.5,42.0,1.0,13.666057078995824,1.380952380952381,179.0,0.0,105.0,0.0,105.0,,,1497.2067039106146,22.3463687150838,1279.3296089385476,0.0,0.5865921787709497,0.0,0.5865921787709497,0
Lone Mountain/Usf,2018,1715,114,868,5818.0,666514.0,3292.0,0.9620291616038882,13.409816423631606,1.767314702308627,16387.0,43954.0,82062.0,3787.0,18171.0,,,104.65612985903459,6.956733996460609,52.96881674498078,2.6822481235125406,5.007750045767986,0.23109782144382743,1.108866784646366,0
Lone Mountain/Usf,2019,1581,69,863,5812.0,703028.0,3301.0,0.9621326870645259,13.463151999302623,1.7606785822478037,16387.0,43954.0,82062.0,3787.0,18171.0,,,96.47891621407213,4.210654787331421,52.663696832855315,2.6822481235125406,5.007750045767986,0.23109782144382743,1.108866784646366,0
Lone Mountain/Usf,2020,1529,82,1027,5797.0,736433.0,3318.0,0.9620253164556962,13.509573539938852,1.7471368294153105,16387.0,43954.0,82062.0,3787.0,18171.0,,,93.30566912796729,5.0039665588576305,62.671629950570576,2.6822481235125406,5.007750045767986,0.23109782144382743,1.108866784646366,0
Lone Mountain/Usf,2021,1364,69,811,5772.0,769340.0,3337.0,0.9622415343122566,13.553288283415737,1.7296973329337728,16387.0,43954.0,82062.0,3787.0,18171.0,,,83.23671202782694,4.210654787331421,49.49044974675047,2.6822481235125406,5.007750045767986,0.23109782144382743,1.108866784646366,0
Lone Mountain/Usf,2022,1411,90,859,5762.0,808775.0,3352.0,0.9630071599045346,13.603276036220567,1.7189737470167064,16387.0,43954.0,82062.0,3787.0,18171.0,,,86.10483920180631,5.492158418258375,52.41960090315494,2.6822481235125406,5.007750045767986,0.23109782144382743,1.108866784646366,0
Lone Mountain/Usf,2023,1553,120,870,5755.0,852168.0,3355.0,0.9639344262295082,13.655538969472012,1.7153502235469449,16387.0,43954.0,82062.0,3787.0,18171.0,,,94.77024470616954,7.322877891011167,53.09086470983097,2.6822481235125406,5.007750045767986,0.23109782144382743,1.108866784646366,0
Marina,2018,3043,152,2076,15966.0,976365.0,5706.0,0.942341395022783,13.791591770893692,2.7981072555205047,23733.0,92969.0,121697.0,0.0,12501.0,158305.77728788042,11.972283741020458,128.21809295074368,6.404584334049636,87.47313866767792,3.917288164159609,5.12775460329499,0.0,0.5267349260523322,0
Marina,2019,3846,133,2692,16014.0,1047750.0,5736.0,0.9422942817294282,13.862155565787319,2.7918410041841004,23733.0,92969.0,121697.0,0.0,12501.0,176478.2809703504,12.080953093791376,162.0528378207559,5.604011292293431,113.42855938987907,3.917288164159609,5.12775460329499,0.0,0.5267349260523322,0
Marina,2020,3610,158,2401,16010.0,1129702.0,5738.0,0.9423143952596723,13.93746443909497,2.7901707912164517,23733.0,92969.0,121697.0,0.0,12501.0,,,152.10887793367883,6.657396873551595,101.16715122403406,3.917288164159609,5.12775460329499,0.0,0.5267349260523322,0
Marina,2021,4341,213,2921,16018.0,1167000.0,5837.0,0.9431214665067672,13.969946911268693,2.744217920164468,23733.0,92969.0,121697.0,0.0,12501.0,,,182.90987232966754,8.974845152319554,123.07757131420385,3.917288164159609,5.12775460329499,0.0,0.5267349260523322,0
Marina,2022,3818,227,2451,16006.0,1261054.0,5877.0,0.9431682831376552,14.047458437186396,2.7234983835290114,23733.0,92969.0,121697.0,0.0,12501.0,,,160.87304596974678,9.564741077824127,103.27392238655038,3.917288164159609,5.12775460329499,0.0,0.5267349260523322,0
Marina,2023,3300,204,2158,16146.0,1331554.0,5883.0,0.9433962264150944,14.101857239177937,2.744518103008669,23733.0,92969.0,121697.0,0.0,12501.0,,,139.04689672607762,8.595626343066616,90.9282433742047,3.917288164159609,5.12775460329499,0.0,0.5267349260523322,0
Mclaren Park,2018,119,12,56,85.0,338077.0,93.0,0.956989247311828,12.731028959171137,0.9139784946236559,155.0,0.0,566.0,0.0,566.0,,,767.741935483871,77.41935483870968,361.2903225806451,0.0,3.6516129032258067,0.0,3.6516129032258067,0
Mclaren Park,2019,159,12,89,85.0,365044.0,93.0,0.956989247311828,12.807773173244515,0.9139784946236559,155.0,0.0,566.0,0.0,566.0,,,1025.8064516129034,77.41935483870968,574.1935483870968,0.0,3.6516129032258067,0.0,3.6516129032258067,0
Mclaren Park,2020,149,22,85,85.0,379698.0,93.0,0.956989247311828,12.847131478889718,0.9139784946236559,155.0,0.0,566.0,0.0,566.0,,,961.2903225806451,141.93548387096774,548.3870967741935,0.0,3.6516129032258067,0.0,3.6516129032258067,0
Mclaren Park,2021,175,20,88,85.0,383666.0,93.0,0.956989247311828,12.85752766141494,0.9139784946236559,155.0,0.0,566.0,0.0,566.0,,,1129.0322580645163,129.03225806451613,567.741935483871,0.0,3.6516129032258067,0.0,3.6516129032258067,0
Mclaren Park,2022,186,28,89,85.0,397186.0,93.0,0.956989247311828,12.892159963804884,0.9139784946236559,155.0,0.0,566.0,0.0,566.0,,,1200.0,180.64516129032256,574.1935483870968,0.0,3.6516129032258067,0.0,3.6516129032258067,0
Mclaren Park,2023,186,24,106,85.0,405129.0,93.0,0.956989247311828,12.911960813890941,0.9139784946236559,155.0,0.0,566.0,0.0,566.0,,,1200.0,154.83870967741936,683.8709677419355,0.0,3.6516129032258067,0.0,3.6516129032258067,0
Mission,2018,16847,1801,6995,22489.0,649028.0,10698.0,0.8638063189381193,13.383231138052963,2.102168629650402,54431.0,115671.0,282593.0,12784.0,42643.0,120080.2382968058,11.6959154507891,309.5111241755617,33.08776248828792,128.51132626628208,2.125094155903805,5.19176572173945,0.23486616082746964,0.7834322353070861,0
Mission,2019,14734,1562,5956,22486.0,691212.0,10773.0,0.8657755499860763,13.446201857432392,2.0872551749744734,54431.0,115671.0,282593.0,12784.0,42643.0,132124.69864219974,11.791501442316198,270.6913339824732,28.696882291341332,109.4229391339494,2.125094155903805,5.19176572173945,0.23486616082746964,0.7834322353070861,0
Mission,2020,11042,1174,4849,22442.0,729316.0,10797.0,0.8663517643789942,13.49986238757714,2.078540335278318,54431.0,115671.0,282593.0,12784.0,42643.0,137665.57316195,11.832582640109978,202.86233947566646,21.56859142767908,89.08526391210891,2.125094155903805,5.19176572173945,0.23486616082746964,0.7834322353070861,0
Mission,2021,11589,1455,5439,22608.0,748688.0,10845.0,0.8680497925311204,13.526077620308842,2.0846473029045645,54431.0,115671.0,282593.0,12784.0,42643.0,145054.70139852274,11.88486620128573,212.91175984273667,26.731090738733442,99.92467527695614,2.125094155903805,5.19176572173945,0.23486616082746964,0.7834322353070861,0
Mission,2022,12481,1545,6002,23012.0,791887.5,10898.0,0.8704349421912277,13.582174615252606,2.111580106441549,54431.0,115671.0,282593.0,12784.0,42643.0,152405.94910039724,11.93430295756464,229.29948007569214,28.38456026896438,110.2680457827341,2.125094155903805,5.19176572173945,0.23486616082746964,0.7834322353070861,0
Mission,2023,12767,1611,5556,23447.0,826761.5,10958.0,0.8714181419967147,13.625271540635413,2.1397152765103122,54431.0,115671.0,282593.0,12784.0,42643.0,150664.83488881675,11.922813012254764,234.55383880509268,29.59710459113373,102.07418566625637,2.125094155903805,5.19176572173945,0.23486616082746964,0.7834322353070861,0
Mission Bay,2018,2804,207,1412,3779.0,860428.0,3657.0,0.9412086409625376,13.665185218849455,1.0333606781514904,16710.0,25777.0,65499.0,0.0,31652.0,156649.17674022657,11.961764040957824,167.80371035308198,12.387791741472173,84.50029922202273,1.5426092160383005,3.9197486535008976,0.0,1.8941950927588271,0
Mission Bay,2019,2422,195,1071,3781.0,930348.0,3660.0,0.9407103825136612,13.74331398868488,1.0330601092896174,16710.0,25777.0,65499.0,0.0,31652.0,165216.02134420528,12.015009116869066,144.94314781567925,11.669658886894075,64.09335727109514,1.5426092160383005,3.9197486535008976,0.0,1.8941950927588271,0
Mission Bay,2020,2201,198,996,3781.0,960032.0,3659.0,0.9406941787373599,13.77472189622181,1.0333424432905165,16710.0,25777.0,65499.0,0.0,31652.0,160469.0,11.98585605647959,131.7175344105326,11.8491921005386,59.605026929982046,1.5426092160383005,3.9197486535008976,0.0,1.8941950927588271,0
Mission Bay,2021,2458,196,1153,3783.0,965210.5,3676.0,0.9366158868335147,13.780101491248232,1.029107725788901,16710.0,25777.0,65499.0,0.0,31652.0,170536.0,12.046701697113031,147.09754637941353,11.72950329144225,69.00059844404548,1.5426092160383005,3.9197486535008976,0.0,1.8941950927588271,0
Mission Bay,2022,2304,224,1027,4439.0,985174.0,3684.0,0.9340390879478827,13.800573554299689,1.2049402823018458,16710.0,25777.0,65499.0,0.0,31652.0,183507.0,12.120008092888144,137.8815080789946,13.405146618791143,61.460203470975465,1.5426092160383005,3.9197486535008976,0.0,1.8941950927588271,0
Mission Bay,2023,2203,222,937,4504.0,997588.0,3805.0,0.9377135348226019,13.81309564440633,1.1837056504599213,16710.0,25777.0,65499.0,0.0,31652.0,209083.0,12.250486581298627,131.83722321962895,13.285457809694794,56.07420706163973,1.5426092160383005,3.9197486535008976,0.0,1.8941950927588271,0
Nob Hill,2018,3753,270,2158,23880.0,433500.0,6069.0,0.6178942165101334,12.979647075202733,3.93475037073653,23526.0,58633.0,125256.0,5305.0,40842.0,112959.5945289396,11.63478546321053,159.52563121652642,11.476664116296863,91.72830060358753,2.492263878262348,5.324152002040296,0.22549519680353652,1.736036725325172,1
Nob Hill,2019,4103,306,2301,23898.0,468735.5,6210.0,0.6265700483091787,13.057793922454978,3.8483091787439614,23526.0,58633.0,125256.0,5305.0,40842.0,126841.0301327339,11.7506898501325,174.40278840431864,13.006885998469778,97.8066819688855,2.492263878262348,5.324152002040296,0.22549519680353652,1.736036725325172,1
Nob Hill,2020,3312,214,1823,23896.0,498828.5,6256.0,0.629156010230179,13.120017628284865,3.819693094629156,23526.0,58633.0,125256.0,5305.0,40842.0,126401.36808017454,11.747217584055424,140.7804131599082,9.096318966250108,77.48873586670068,2.492263878262348,5.324152002040296,0.22549519680353652,1.736036725325172,1
Nob Hill,2021,3390,277,1814,23832.0,511048.5,6254.0,0.6293572113847138,13.144219776619366,3.810681164055005,23526.0,58633.0,125256.0,5305.0,40842.0,133077.5421085038,11.798687260684005,144.09589390461616,11.774207260052707,77.10618039615744,2.492263878262348,5.324152002040296,0.22549519680353652,1.736036725325172,1
Nob Hill,2022,3514,339,1921,22366.0,536763.5,6296.0,0.6343710292249047,13.193312866798747,3.5524142312579414,23526.0,58633.0,125256.0,5305.0,40842.0,141636.79180431573,11.861021255618539,149.366658165434,14.409589390461617,81.6543398792825,2.492263878262348,5.324152002040296,0.22549519680353652,1.736036725325172,1
Nob Hill,2023,3411,364,1741,22270.0,557552.0,6305.0,0.6352101506740682,13.231311051509305,3.5321173671689134,23526.0,58633.0,125256.0,5305.0,40842.0,145718.80332010103,11.889434038901715,144.98852333588368,15.47224347530392,74.00323046841793,2.492263878262348,5.324152002040296,0.22549519680353652,1.736036725325172,1
Noe Valley,2018,1233,65,790,11400.0,720035.5,7156.0,0.9863051984348798,13.487055795332315,1.593068753493572,23334.0,72008.0,113289.0,865.0,18599.0,,,52.84134739007457,2.7856346961515386,33.85617553784177,3.0859689723150767,4.855104139881718,0.03707036941801663,0.797077226364961,0
Noe Valley,2019,1273,49,796,11405.0,778431.0,7163.0,0.9860393689794779,13.565035634343557,1.5922099678905486,23334.0,72008.0,113289.0,865.0,18599.0,,,54.55558412616782,2.0999400017142364,34.11331104825576,3.0859689723150767,4.855104139881718,0.03707036941801663,0.797077226364961,0
Noe Valley,2020,1384,42,941,11388.0,833165.0,7178.0,0.9859292281972695,13.63298698076557,1.5865143494009473,23334.0,72008.0,113289.0,865.0,18599.0,,,59.3125910688266,1.7999485728979172,40.32741921659381,3.0859689723150767,4.855104139881718,0.03707036941801663,0.797077226364961,0
Noe Valley,2021,1518,75,1039,11371.0,864028.0,7187.0,0.9859468484764158,13.66936045466849,1.5821622373730346,23334.0,72008.0,113289.0,865.0,18599.0,,,65.055284134739,3.214193880174852,44.527299220022286,3.0859689723150767,4.855104139881718,0.03707036941801663,0.797077226364961,0
Noe Valley,2022,1468,51,974,11379.0,921221.0,7199.0,0.985831365467426,13.733455243021417,1.580636199472149,23334.0,72008.0,113289.0,865.0,18599.0,,,62.912488214622435,2.1856518385188997,41.741664523870746,3.0859689723150767,4.855104139881718,0.03707036941801663,0.797077226364961,0
Noe Valley,2023,1425,72,950,11379.0,976221.0,7196.0,0.9870761534185659,13.791444274189054,1.5812951639799888,23334.0,72008.0,113289.0,865.0,18599.0,,,61.06968372332219,3.0856261249678583,40.71312248221479,3.0859689723150767,4.855104139881718,0.03707036941801663,0.797077226364961,0
North Beach,2018,4982,240,3214,8051.0,725430.0,2539.0,0.897597479322568,13.494519861468753,3.1709334383615597,11497.0,25164.0,55809.0,0.0,21523.0,31126.078396035144,10.34580128042898,433.3304340262677,20.875010872401496,279.5511872662434,2.188744889971297,4.854222840741063,0.0,1.8720535791945725,0
North Beach,2019,4086,231,2576,8057.0,766749.0,2538.0,0.8975571315996848,13.549914777769583,3.174546887312845,11497.0,25164.0,55809.0,0.0,21523.0,39822.05113066726,10.59217608635355,355.39706010263546,20.09219796468644,224.0584500304427,2.188744889971297,4.854222840741063,0.0,1.8720535791945725,0
North Beach,2020,2449,168,1483,8057.0,796586.0,2539.0,0.897597479322568,13.588090374882801,3.173296573454116,11497.0,25164.0,55809.0,0.0,21523.0,65703.0,11.092899865530676,213.0120901104636,14.612507610681048,128.99017134904759,2.188744889971297,4.854222840741063,0.0,1.8720535791945725,0
North Beach,2021,4719,252,3204,8054.0,813669.0,2542.0,0.8977183320220299,13.609308928380058,3.1683713611329662,11497.0,25164.0,55809.0,0.0,21523.0,68235.0,11.130712908672214,410.45490127859443,21.91876141602157,278.68139514655996,2.188744889971297,4.854222840741063,0.0,1.8720535791945725,0
North Beach,2022,4764,245,3397,8163.0,850000.0,2557.0,0.8932342588971451,13.652991628466498,3.1924129839655846,11497.0,25164.0,55809.0,0.0,21523.0,58060.0,10.969232237578622,414.3689658171697,21.30990693224319,295.4683830564495,2.188744889971297,4.854222840741063,0.0,1.8720535791945725,0
North Beach,2023,4102,219,2884,8162.0,877999.0,2556.0,0.8939749608763693,13.68540073366444,3.1932707355242567,11497.0,25164.0,55809.0,0.0,21523.0,86111.0,11.363392440675852,356.78872749412886,19.048447421066367,250.8480473166913,2.188744889971297,4.854222840741063,0.0,1.8720535791945725,0
Oceanview/Merced/Ingleside,2018,1504,156,745,7514.0,385902.5,6652.0,0.9706855081178593,12.863340025866995,1.129585087191822,24770.0,17410.0,129734.0,10868.0,75245.0,,,60.71861122325394,6.297941057731126,30.076705692369803,0.7028663706096084,5.237545417844166,0.43875656035526844,3.03774727492935,0
Oceanview/Merced/Ingleside,2019,1292,175,609,7515.0,408438.0,6653.0,0.9709905305877048,12.920095406977435,1.129565609499474,24770.0,17410.0,129734.0,10868.0,75245.0,,,52.15987081146548,7.064997981429148,24.586192975373436,0.7028663706096084,5.237545417844166,0.43875656035526844,3.03774727492935,0
Oceanview/Merced/Ingleside,2020,1146,101,610,7515.0,429115.0,6655.0,0.9708489857250188,12.969480227255145,1.1292261457550714,24770.0,17410.0,129734.0,10868.0,75245.0,,,46.26564392410174,4.077513120710536,24.626564392410174,0.7028663706096084,5.237545417844166,0.43875656035526844,3.03774727492935,0
Oceanview/Merced/Ingleside,2021,1377,143,716,7511.0,442663.0,6653.0,0.9709905305877048,13.00056403718357,1.1289643769727942,24770.0,17410.0,129734.0,10868.0,75245.0,,,55.59144125958821,5.773112636253533,28.905934598304402,0.7028663706096084,5.237545417844166,0.43875656035526844,3.03774727492935,0
Oceanview/Merced/Ingleside,2022,1417,139,794,7520.0,465581.0,6652.0,0.9714371617558629,13.051041367006576,1.1304870715574264,24770.0,17410.0,129734.0,10868.0,75245.0,,,57.20629794105773,5.611626968106581,32.05490512716997,0.7028663706096084,5.237545417844166,0.43875656035526844,3.03774727492935,0
Oceanview/Merced/Ingleside,2023,1339,120,804,7525.0,489029.0,6644.0,0.9724563515954244,13.100177071402031,1.1326008428657435,24770.0,17410.0,129734.0,10868.0,75245.0,,,54.057327412192166,4.844570044408559,32.458619297537346,0.7028663706096084,5.237545417844166,0.43875656035526844,3.03774727492935,0
Outer Mission,2018,1851,199,771,5916.0,389947.0,5251.0,0.9565796991049323,12.873766111435039,1.1266425442772805,21717.0,14673.0,115308.0,0.0,65995.0,,,85.23276695676199,9.163328268177006,35.50214117972095,0.6756458074319658,5.30957314546208,0.0,3.038863563107243,0
Outer Mission,2019,1817,190,737,5987.0,411672.0,5251.0,0.9569605789373453,12.92798219475777,1.1401637783279375,21717.0,14673.0,115308.0,0.0,65995.0,,,83.66717318229958,8.748906386701663,33.93654740525855,0.6756458074319658,5.30957314546208,0.0,3.038863563107243,0
Outer Mission,2020,1738,155,904,5985.0,428563.5,5252.0,0.956968773800457,12.968194197405943,1.1395658796648895,21717.0,14673.0,115308.0,0.0,65995.0,,,80.02947000046046,7.137265736519777,41.62637565041212,0.6756458074319658,5.30957314546208,0.0,3.038863563107243,0
Outer Mission,2021,1776,153,900,5983.0,441722.0,5249.0,0.9575157172794818,12.998436003905956,1.139836159268432,21717.0,14673.0,115308.0,0.0,65995.0,,,81.77925127780081,7.045171985080812,41.44218814753419,0.6756458074319658,5.30957314546208,0.0,3.038863563107243,0
Outer Mission,2022,1649,179,803,5987.0,459529.0,5245.0,0.9584366062917064,13.03795733086474,1.1414680648236415,21717.0,14673.0,115308.0,0.0,65995.0,,,75.93129806142655,8.242390753787356,36.97564120274439,0.6756458074319658,5.30957314546208,0.0,3.038863563107243,0
Outer Mission,2023,1850,200,965,5934.0,482544.5,5236.0,0.9604660045836516,13.086828423487713,1.1333078686019862,21717.0,14673.0,115308.0,0.0,65995.0,,,85.1867200810425,9.209375143896487,44.435235069300546,0.6756458074319658,5.30957314546208,0.0,3.038863563107243,0
Outer Richmond,2018,2562,157,1466,18491.0,551992.0,10367.0,0.9710620237291405,13.221288832400589,1.783640397414874,44049.0,92395.0,224027.0,3653.0,95927.0,,,58.162500851324666,3.564212581443393,33.281118754114736,2.0975504551749187,5.085858929828146,0.08293037299371155,2.1777338872619127,0
Outer Richmond,2019,2939,168,1854,18495.0,580461.0,10459.0,0.9667272205755808,13.271577894400641,1.7683334926857253,44049.0,92395.0,224027.0,3653.0,95927.0,,,66.72115144498173,3.813934482054076,42.08949124838248,2.0975504551749187,5.085858929828146,0.08293037299371155,2.1777338872619127,0
Outer Richmond,2020,2616,131,1632,18481.0,610836.0,10471.0,0.9665743481997899,13.32258378968604,1.76496991691338,44049.0,92395.0,224027.0,3653.0,95927.0,,,59.38840836341347,2.973960816363595,37.0496492542396,2.0975504551749187,5.085858929828146,0.08293037299371155,2.1777338872619127,0
Outer Richmond,2021,2599,168,1581,18395.0,636849.0,10488.0,0.9668192219679634,13.364287857788204,1.7539092295957284,44049.0,92395.0,224027.0,3653.0,95927.0,,,59.002474517015145,3.813934482054076,35.89184771504461,2.0975504551749187,5.085858929828146,0.08293037299371155,2.1777338872619127,0
Outer Richmond,2022,2657,195,1640,18436.0,670101.0,10499.0,0.9668539860939137,13.415183726274728,1.755976759691399,44049.0,92395.0,224027.0,3653.0,95927.0,,,60.31918999296238,4.426888238098481,37.23126518195646,2.0975504551749187,5.085858929828146,0.08293037299371155,2.1777338872619127,0
Outer Richmond,2023,2463,163,1500,18443.0,715461.0,10491.0,0.9683538270898866,13.480682369155538,1.7579830330759698,44049.0,92395.0,224027.0,3653.0,95927.0,,,55.91500374582851,3.7004245272310383,34.0529864469114,2.0975504551749187,5.085858929828146,0.08293037299371155,2.1777338872619127,0
Pacific Heights,2018,2204,103,1400,14499.0,1038994.5,6154.0,0.9613259668508287,13.853763976515861,2.356028599285018,22976.0,75483.0,113478.0,756.0,20846.0,166678.51799948572,12.02382219420508,95.92618384401113,4.482938718662953,60.93314763231198,3.285297701949861,4.938979805013927,0.03290389972144847,0.9072945682451253,0
Pacific Heights,2019,2390,87,1612,14517.0,1104842.0,6158.0,0.9613510880155894,13.915212896285118,2.357421240662553,22976.0,75483.0,113478.0,756.0,20846.0,181732.6255073982,12.110291795268575,104.02158774373258,3.7865598885793874,70.16016713091922,3.285297701949861,4.938979805013927,0.03290389972144847,0.9072945682451253,0
Pacific Heights,2020,2348,80,1598,14502.0,1173771.5,6174.0,0.9614512471655329,13.975732626695741,2.3488824101068997,22976.0,75483.0,113478.0,756.0,20846.0,163544.29324418202,12.004839139323098,102.19359331476323,3.481894150417827,69.5508356545961,3.285297701949861,4.938979805013927,0.03290389972144847,0.9072945682451253,0
Pacific Heights,2021,2328,95,1565,14478.0,1202238.0,6174.0,0.9619371558147068,13.999695377805006,2.3449951409135084,22976.0,75483.0,113478.0,756.0,20846.0,178547.56445381104,12.092610312234017,101.32311977715877,4.13474930362117,68.11455431754875,3.285297701949861,4.938979805013927,0.03290389972144847,0.9072945682451253,0
Pacific Heights,2022,2147,105,1429,14349.0,1275000.0,6180.0,0.9626213592233009,14.058456736574664,2.321844660194175,22976.0,75483.0,113478.0,756.0,20846.0,184301.81976417743,12.124330017533083,93.44533426183844,4.569986072423399,62.19533426183844,3.285297701949861,4.938979805013927,0.03290389972144847,0.9072945682451253,0
Pacific Heights,2023,2277,119,1415,14370.0,1326510.0,6180.0,0.9627831715210357,14.098061991167024,2.325242718446602,22976.0,75483.0,113478.0,756.0,20846.0,188725.93275779375,12.148051150413382,99.10341225626742,5.179317548746518,61.58600278551532,3.285297701949861,4.938979805013927,0.03290389972144847,0.9072945682451253,0
Portola,2018,1522,127,825,4247.0,386172.5,3852.0,0.9670301142263759,12.864039439812549,1.1025441329179646,15558.0,10770.0,79124.0,2474.0,46197.0,,,97.82748425247462,8.163002956678236,53.02738141149248,0.6922483609718473,5.085743668852038,0.15901786862064532,2.9693405322020827,0
Portola,2019,1517,154,869,4249.0,403751.5,3852.0,0.9667705088265836,12.90855486868238,1.1030633437175492,15558.0,10770.0,79124.0,2474.0,46197.0,,,97.50610618331406,9.898444530145262,55.855508420105416,0.6922483609718473,5.085743668852038,0.15901786862064532,2.9693405322020827,0
Portola,2020,1390,133,786,4249.0,421592.0,3853.0,0.9665195951206852,12.951793300697187,1.1027770568388269,15558.0,10770.0,79124.0,2474.0,46197.0,,,89.34310322663582,8.548656639670908,50.52063247204011,0.6922483609718473,5.085743668852038,0.15901786862064532,2.9693405322020827,0
Portola,2021,1497,138,818,4250.0,435091.0,3853.0,0.9665195951206852,12.983310483594813,1.1030365948611471,15558.0,10770.0,79124.0,2474.0,46197.0,,,96.22059390667181,8.87003470883147,52.57745211466769,0.6922483609718473,5.085743668852038,0.15901786862064532,2.9693405322020827,0
Portola,2022,1430,147,847,4252.0,456567.0,3853.0,0.9665195951206852,13.031490737141416,1.1035556709057877,15558.0,10770.0,79124.0,2474.0,46197.0,,,91.91412777992029,9.448515233320478,54.44144491579895,0.6922483609718473,5.085743668852038,0.15901786862064532,2.9693405322020827,0
Portola,2023,1672,152,1026,4287.0,481584.0,3905.0,0.9677336747759283,13.084835949833504,1.0978233034571063,15558.0,10770.0,79124.0,2474.0,46197.0,,,107.46882632729142,9.769893302481039,65.94677979174702,0.6922483609718473,5.085743668852038,0.15901786862064532,2.9693405322020827,0
Potrero Hill,2018,2470,170,1442,5270.0,698262.0,4707.0,0.92861695347355,13.456349669481446,1.1196090928404503,15463.0,39164.0,73327.0,1600.0,17194.0,186318.0,12.135210170279915,159.73614434456445,10.99398564314816,93.25486645540968,2.532755610166203,4.742094030912501,0.10347280605315916,1.1119446420487615,0
Potrero Hill,2019,2262,163,1349,5260.0,736306.0,4789.0,0.9319273334725412,13.509401072175976,1.098350386301942,15463.0,39164.0,73327.0,1600.0,17194.0,203158.0,12.221739280409153,146.28467955765376,10.54129211666559,87.24050960356982,2.532755610166203,4.742094030912501,0.10347280605315916,1.1119446420487615,0
Potrero Hill,2020,2325,199,1435,5249.0,775235.0,4839.0,0.9311841289522629,13.560921488178282,1.084728249638355,15463.0,39164.0,73327.0,1600.0,17194.0,218114.0,12.292773140867777,150.3589212959969,12.86943025286167,92.80217292892712,2.532755610166203,4.742094030912501,0.10347280605315916,1.1119446420487615,0
Potrero Hill,2021,2262,166,1402,5465.0,775037.0,5064.0,0.9356240126382307,13.560666049131358,1.0791864139020537,15463.0,39164.0,73327.0,1600.0,17194.0,227782.0,12.336144310191937,146.28467955765376,10.735303628015263,90.6680463040807,2.532755610166203,4.742094030912501,0.10347280605315916,1.1119446420487615,0
Potrero Hill,2022,2144,158,1338,5881.0,846136.5,5066.0,0.9376233714962495,13.64843597309098,1.1608764311093565,15463.0,39164.0,73327.0,1600.0,17194.0,239625.0,12.386830480347946,138.65356011123325,10.217939597749467,86.52913406195434,2.532755610166203,4.742094030912501,0.10347280605315916,1.1119446420487615,0
Potrero Hill,2023,1846,155,1103,6165.0,883689.0,5079.0,0.9373892498523332,13.69186046976539,1.2138216184288246,15463.0,39164.0,73327.0,1600.0,17194.0,243007.0,12.400845528492146,119.38174998383238,10.023928086399794,71.33156567289659,2.532755610166203,4.742094030912501,0.10347280605315916,1.1119446420487615,0
Presidio,2018,240,16,111,31.0,3283890.0,29.0,0.896551724137931,15.004539253256555,1.0689655172413792,3808.0,11949.0,13407.0,0.0,1458.0,,,63.02521008403361,4.201680672268908,29.149159663865547,3.1378676470588234,3.5207457983193278,0.0,0.38287815126050423,0
Presidio,2019,222,18,124,31.0,3349877.0,29.0,0.896551724137931,15.024434186709275,1.0689655172413792,3808.0,11949.0,13407.0,0.0,1458.0,,,58.29831932773109,4.726890756302521,32.563025210084035,3.1378676470588234,3.5207457983193278,0.0,0.38287815126050423,0
Presidio,2020,108,13,55,31.0,3546843.0,29.0,0.896551724137931,15.081568470018874,1.0689655172413792,3808.0,11949.0,13407.0,0.0,1458.0,,,28.361344537815125,3.4138655462184873,14.44327731092437,3.1378676470588234,3.5207457983193278,0.0,0.38287815126050423,0
Presidio,2021,131,5,79,31.0,3583587.0,29.0,0.896551724137931,15.091874812061967,1.0689655172413792,3808.0,11949.0,13407.0,0.0,1458.0,,,34.40126050420168,1.3130252100840336,20.74579831932773,3.1378676470588234,3.5207457983193278,0.0,0.38287815126050423,0
Presidio,2022,102,1,66,31.0,3655258.0,29.0,0.896551724137931,15.111677236910078,1.0689655172413792,3808.0,11949.0,13407.0,0.0,1458.0,,,26.785714285714285,0.26260504201680673,17.331932773109244,3.1378676470588234,3.5207457983193278,0.0,0.38287815126050423,0
Presidio,2023,94,3,65,31.0,4125646.0,29.0,0.896551724137931,15.232733171550075,1.0689655172413792,3808.0,11949.0,13407.0,0.0,1458.0,,,24.68487394957983,0.7878151260504201,17.069327731092436,3.1378676470588234,3.5207457983193278,0.0,0.38287815126050423,0
Presidio Heights,2018,812,39,457,5117.0,1114594.0,2645.0,0.9466918714555765,13.924000771006009,1.934593572778828,9942.0,33160.0,48504.0,0.0,10792.0,,,81.67370750352042,3.922751961375981,45.96660631663649,3.335345001005834,4.87869643934822,0.0,1.0854958760812714,0
Presidio Heights,2019,816,40,503,5101.0,1183623.5,2656.0,0.9461596385542169,13.984091053991726,1.9205572289156627,9942.0,33160.0,48504.0,0.0,10792.0,,,82.07604103802052,4.023335345001006,50.59344196338765,3.335345001005834,4.87869643934822,0.0,1.0854958760812714,0
Presidio Heights,2020,916,36,606,5095.0,1253989.5,2660.0,0.9462406015037594,14.041840626934206,1.9154135338345866,9942.0,33160.0,48504.0,0.0,10792.0,,,92.13437940052303,3.621001810500905,60.95353047676524,3.335345001005834,4.87869643934822,0.0,1.0854958760812714,0
Presidio Heights,2021,819,29,534,5085.0,1285032.0,2667.0,0.9463817022872141,14.066294178725125,1.9066366704161979,9942.0,33160.0,48504.0,0.0,10792.0,,,82.3777911888956,2.9169181251257292,53.71152685576343,3.335345001005834,4.87869643934822,0.0,1.0854958760812714,0
Presidio Heights,2022,776,52,481,5083.0,1364048.0,2673.0,0.9461279461279462,14.125967307382204,1.901608679386457,9942.0,33160.0,48504.0,0.0,10792.0,,,78.05270569301952,5.230335948501308,48.380607523637096,3.335345001005834,4.87869643934822,0.0,1.0854958760812714,0
Presidio Heights,2023,909,42,632,5079.0,1438094.0,2674.0,0.9465220643231115,14.178829183694152,1.8994016454749438,9942.0,33160.0,48504.0,0.0,10792.0,,,91.43029571514785,4.224502112251057,63.5686984510159,3.335345001005834,4.87869643934822,0.0,1.0854958760812714,0
Russian Hill,2018,3373,107,2393,11782.0,442008.0,6038.0,0.6578337197747599,12.999083260443552,1.9513083802583637,16879.0,55246.0,86998.0,535.0,21640.0,67377.0,11.118058992371832,199.8341133953433,6.339238106522899,141.77380176550744,3.2730612003080752,5.154215297114758,0.03169619053261449,1.2820664731322946,0
Russian Hill,2019,3160,122,2147,10743.0,797699.0,4695.0,0.8502662406815762,13.589486612294323,2.2881789137380193,16879.0,55246.0,86998.0,535.0,21640.0,62414.0,11.041544888167167,187.21488239824635,7.22791634575508,127.19947864209965,3.2730612003080752,5.154215297114758,0.03169619053261449,1.2820664731322946,0
Russian Hill,2020,2514,103,1666,10736.0,847575.0,4700.0,0.8502127659574468,13.650134609896462,2.284255319148936,16879.0,55246.0,86998.0,535.0,21640.0,73656.0,11.207160884967681,148.9424728953137,6.102257242727649,98.70252977072101,3.2730612003080752,5.154215297114758,0.03169619053261449,1.2820664731322946,0
Russian Hill,2021,3556,165,2486,10538.0,865838.0,4699.0,0.8503937007874016,13.671453103070768,2.2426048095339435,16879.0,55246.0,86998.0,535.0,21640.0,78661.0,11.272902758846767,210.67598791397597,9.775460631554001,147.28360684874698,3.2730612003080752,5.154215297114758,0.03169619053261449,1.2820664731322946,0
Russian Hill,2022,3230,130,2310,10499.0,915941.5,4710.0,0.851380042462845,13.727707776988014,2.229087048832272,16879.0,55246.0,86998.0,535.0,21640.0,83816.0,11.3363791990328,191.36204751466317,7.701878073345577,136.85644884175602,3.2730612003080752,5.154215297114758,0.03169619053261449,1.2820664731322946,0
Russian Hill,2023,3052,112,2160,10519.0,957050.5,4718.0,0.8516320474777448,13.771611438112863,2.229546417973718,16879.0,55246.0,86998.0,535.0,21640.0,105018.27086075283,11.561889622199637,180.81639907577463,6.635464186266959,127.96966644943423,3.2730612003080752,5.154215297114758,0.03169619053261449,1.2820664731322946,0
Seacliff,2018,150,10,88,953.0,1276896.0,873.0,0.983963344788087,14.059942690821133,1.0916380297823596,2419.0,7558.0,10469.0,0.0,2749.0,,,62.00909466721786,4.13393964448119,36.37866887143448,3.124431583298884,4.327821413807358,0.0,1.1364200082678793,0
Seacliff,2019,161,6,93,951.0,1306647.0,874.0,0.9839816933638444,14.08297487196486,1.0881006864988558,2419.0,7558.0,10469.0,0.0,2749.0,,,66.55642827614716,2.4803637866887143,38.44563869367507,3.124431583298884,4.327821413807358,0.0,1.1364200082678793,0
Seacliff,2020,181,7,131,949.0,1381765.0,874.0,0.9839816933638444,14.138872225435392,1.085812356979405,2419.0,7558.0,10469.0,0.0,2749.0,,,74.82430756510955,2.8937577511368335,54.154609342703594,3.124431583298884,4.327821413807358,0.0,1.1364200082678793,0
Seacliff,2021,242,12,157,949.0,1458898.0,874.0,0.9839816933638444,14.193191914163167,1.085812356979405,2419.0,7558.0,10469.0,0.0,2749.0,,,100.04133939644481,4.9607275733774285,64.9028524183547,3.124431583298884,4.327821413807358,0.0,1.1364200082678793,0
Seacliff,2022,200,4,134,952.0,1553424.0,874.0,0.9851258581235698,14.255972084829022,1.0892448512585813,2419.0,7558.0,10469.0,0.0,2749.0,,,82.67879288962381,1.6535758577924762,55.39479123604795,3.124431583298884,4.327821413807358,0.0,1.1364200082678793,0
Seacliff,2023,150,1,102,952.0,1709162.5,874.0,0.9851258581235698,14.351514042422389,1.0892448512585813,2419.0,7558.0,10469.0,0.0,2749.0,,,62.00909466721786,0.41339396444811904,42.16618437370814,3.124431583298884,4.327821413807358,0.0,1.1364200082678793,0
South Of Market,2018,13378,1289,5876,11272.0,698595.0,5493.0,0.7609685053704716,13.45682645415777,2.052066266156927,24698.0,34755.0,121581.0,10808.0,51327.0,64459.74736657304,11.073796236133903,541.6632925742974,52.19046076605393,237.91400113369505,1.4071989634788242,4.92270629200745,0.4376062839096283,2.0781844683780064,1
South Of Market,2019,12208,1312,4993,11278.0,717533.0,5687.0,0.7714084754703711,13.483574218589625,1.9831193951116581,24698.0,34755.0,121581.0,10808.0,51327.0,78247.9511213341,11.26763792430668,494.29103571139365,53.12171025994008,202.16211839015304,1.4071989634788242,4.92270629200745,0.4376062839096283,2.0781844683780064,1
South Of Market,2020,8982,1053,3743,11127.0,768482.0,5671.0,0.7734085699171221,13.552172419435344,1.962087815200141,24698.0,34755.0,121581.0,10808.0,51327.0,68558.2972972973,11.135439717742978,363.6731719167544,42.635031176613495,151.55073285286258,1.4071989634788242,4.92270629200745,0.4376062839096283,2.0781844683780064,1
South Of Market,2021,9636,983,4379,10702.0,773793.0,5662.0,0.7749911691981632,13.559059674942446,1.8901448251501236,24698.0,34755.0,121581.0,10808.0,51327.0,71739.2416,11.18079317952217,390.1530488298648,39.800793586525224,177.30180581423596,1.4071989634788242,4.92270629200745,0.4376062839096283,2.0781844683780064,1
South Of Market,2022,11935,1220,5339,11232.0,780000.0,5740.0,0.7729965156794425,13.567049198665774,1.956794425087108,24698.0,34755.0,121581.0,10808.0,51327.0,73815.83009537266,11.20932848752404,483.2375091100494,49.3967122843955,216.17134990687507,1.4071989634788242,4.92270629200745,0.4376062839096283,2.0781844683780064,1
South Of Market,2023,11451,1263,4178,12169.0,789990.0,5861.0,0.7819484729568333,13.57977556613524,2.076266848660638,24698.0,34755.0,121581.0,10808.0,51327.0,92094.29762949956,11.43056830533744,463.6407806300105,51.13774394687829,169.16349501983964,1.4071989634788242,4.92270629200745,0.4376062839096283,2.0781844683780064,1
Sunset/Parkside,2018,4125,352,1870,26988.0,450390.0,22555.0,0.9797384172023942,13.01786915307446,1.1965417867435157,75455.0,123541.0,396033.0,5392.0,210080.0,,,54.66834537141343,4.665032138360613,24.782983235040753,1.6372804983102511,5.24859850241866,0.07145981048306937,2.7841759989397654,0
Sunset/Parkside,2019,3649,271,1877,26995.0,471118.0,22555.0,0.9797827532697849,13.06286387240652,1.1968521392152516,75455.0,123541.0,396033.0,5392.0,210080.0,,,48.3599496388576,3.591544629249221,24.875753760519515,1.6372804983102511,5.24859850241866,0.07145981048306937,2.7841759989397654,0
Sunset/Parkside,2020,3373,261,1922,27000.0,492142.0,22555.0,0.9797384172023942,13.106522571718495,1.1970738195522057,75455.0,123541.0,396033.0,5392.0,210080.0,,,44.70214034855212,3.459015307136704,25.472135710025842,1.6372804983102511,5.24859850241866,0.07145981048306937,2.7841759989397654,0
Sunset/Parkside,2021,3459,290,1945,27007.0,506122.0,22611.0,0.9797443722082172,13.134533025927416,1.1944186457918713,75455.0,123541.0,396033.0,5392.0,210080.0,,,45.84189251871977,3.8433503412630046,25.776953150884633,1.6372804983102511,5.24859850241866,0.07145981048306937,2.7841759989397654,0
Sunset/Parkside,2022,3859,287,2311,27063.0,531808.0,22612.0,0.979922165222006,13.18403780092725,1.1968423845745622,75455.0,123541.0,396033.0,5392.0,210080.0,,,51.14306540322047,3.803591544629249,30.62752634020277,1.6372804983102511,5.24859850241866,0.07145981048306937,2.7841759989397654,0
Sunset/Parkside,2023,3726,249,2290,27057.0,558451.0,22599.0,0.9805301119518562,13.232922158637976,1.197265365724147,75455.0,123541.0,396033.0,5392.0,210080.0,,,49.38042541912398,3.2999801206016834,30.349214763766483,1.6372804983102511,5.24859850241866,0.07145981048306937,2.7841759989397654,0
Tenderloin,2018,13726,1514,4752,24017.0,611467.0,1639.0,0.6931055521659548,13.323616266994948,14.653447223917022,32009.0,47905.0,150969.0,13645.0,47300.0,111873.64313160424,11.625125327071018,428.81689524821144,47.2991971008154,148.45824611827925,1.4966103283451528,4.716454747102378,0.42628635696210443,1.477709394232872,1
Tenderloin,2019,13421,1515,4884,24754.0,632401.0,1633.0,0.6932026944274342,13.357278965593876,15.158603796693203,32009.0,47905.0,150969.0,13645.0,47300.0,126968.71251045524,11.751695976904173,419.2883251585491,47.330438314224125,152.58208628823144,1.4966103283451528,4.716454747102378,0.42628635696210443,1.477709394232872,1
Tenderloin,2020,10670,1263,3541,24641.0,677822.0,1677.0,0.6994633273703041,13.426639995580539,14.693500298151461,32009.0,47905.0,150969.0,13645.0,47300.0,205750.0,12.234417118539316,333.34374707113625,39.45765253522446,110.62513668030867,1.4966103283451528,4.716454747102378,0.42628635696210443,1.477709394232872,1
Tenderloin,2021,10536,1457,3370,24134.0,681992.5,1666.0,0.7040816326530612,13.432773939697682,14.486194477791116,32009.0,47905.0,150969.0,13645.0,47300.0,216689.0,12.286218424814725,329.15742447436656,45.51844793651785,105.28288918741605,1.4966103283451528,4.716454747102378,0.42628635696210443,1.477709394232872,1
Tenderloin,2022,12726,1707,3892,24048.0,586248.0,1978.0,0.7421638018200202,13.281498187222947,12.157735085945399,32009.0,47905.0,150969.0,13645.0,47300.0,236158.0,12.372256351523696,397.5756818394827,53.32875128870005,121.59080258677247,1.4966103283451528,4.716454747102378,0.42628635696210443,1.477709394232872,1
Tenderloin,2023,13420,1635,3726,24244.0,699682.0,1972.0,0.744421906693712,13.45838122509224,12.294117647058824,32009.0,47905.0,150969.0,13645.0,47300.0,250001.0,12.429220196836383,419.25708394514044,51.079383923271585,116.4047611609235,1.4966103283451528,4.716454747102378,0.42628635696210443,1.477709394232872,1
Treasure Island,2019,399,43,169,0.0,965008.5,14.0,0.0,13.779892188572486,0.0,2829.0,4697.0,12298.0,2992.0,310.0,,,141.03923647932132,15.19971721456345,59.73842347119123,1.6603039943442912,4.347119123365147,1.057617532697066,0.10957935666313184,0
Treasure Island,2020,415,56,194,0.0,984307.0,14.0,0.0,13.799693119244967,0.0,2829.0,4697.0,12298.0,2992.0,310.0,,,146.69494521032166,19.794980558501237,68.57546836337929,1.6603039943442912,4.347119123365147,1.057617532697066,0.10957935666313184,0
Treasure Island,2021,511,76,196,0.0,1858868.0,15.0,0.0,14.435478258265382,0.0,2829.0,4697.0,12298.0,2992.0,310.0,,,180.6291975963238,26.86461647225168,69.28243195475433,1.6603039943442912,4.347119123365147,1.057617532697066,0.10957935666313184,0
Treasure Island,2022,485,77,192,0.0,14178000.0,21.0,0.0,16.4672020253971,0.0,2829.0,4697.0,12298.0,2992.0,310.0,,,171.43867090844822,27.2180982679392,67.86850477200424,1.6603039943442912,4.347119123365147,1.057617532697066,0.10957935666313184,0
Treasure Island,2023,406,72,140,0.0,10410490.0,22.0,0.0,16.158324509608267,0.0,2829.0,4697.0,12298.0,2992.0,310.0,,,143.51360904913395,25.450689289501593,49.48745139625309,1.6603039943442912,4.347119123365147,1.057617532697066,0.10957935666313184,0
Twin Peaks,2018,594,29,366,3389.0,681252.0,2018.0,0.9886025768087215,13.431687560735098,1.6793855302279486,7861.0,21383.0,36592.0,256.0,8349.0,,,75.56290548276301,3.689098079124793,46.558961964126695,2.720137387100878,4.654878514183946,0.03256583131917059,1.062078615952169,0
Twin Peaks,2019,822,44,552,3391.0,731611.0,2018.0,0.9890981169474727,13.503004230924361,1.680376610505451,7861.0,21383.0,36592.0,256.0,8349.0,,,104.56684900139932,5.597252257982445,70.22007378196159,2.720137387100878,4.654878514183946,0.03256583131917059,1.062078615952169,0
Twin Peaks,2020,803,23,589,3391.0,771373.0,2020.0,0.9881188118811881,13.55592732284736,1.6787128712871286,7861.0,21383.0,36592.0,256.0,8349.0,,,102.14985370817962,2.9258364075817327,74.92685408981045,2.720137387100878,4.654878514183946,0.03256583131917059,1.062078615952169,0
Twin Peaks,2021,616,24,405,3392.0,807230.0,2020.0,0.9881188118811881,13.601363912841322,1.6792079207920791,7861.0,21383.0,36592.0,256.0,8349.0,,,78.36153161175423,3.0530466861722427,51.5201628291566,2.720137387100878,4.654878514183946,0.03256583131917059,1.062078615952169,0
Twin Peaks,2022,726,21,512,3390.0,848978.0,2022.0,0.9881305637982196,13.651788552119108,1.6765578635014837,7861.0,21383.0,36592.0,256.0,8349.0,,,92.35466225671034,2.6714158504007126,65.13166263834118,2.720137387100878,4.654878514183946,0.03256583131917059,1.062078615952169,0
Twin Peaks,2023,579,22,395,3390.0,894900.0,2021.0,0.9886194952993568,13.704467259170949,1.677387431964374,7861.0,21383.0,36592.0,256.0,8349.0,,,73.65475130390534,2.7986261289912227,50.2480600432515,2.720137387100878,4.654878514183946,0.03256583131917059,1.062078615952169,0
Visitacion Valley,2018,1582,268,586,3785.0,316046.0,3496.0,0.9616704805491991,12.663643051595074,1.0826659038901603,17068.0,1092.0,84093.0,8263.0,50509.0,,,92.68807124443403,15.701898289196155,34.33325521443637,0.06397937661120225,4.926939301617061,0.4841223341926412,2.9592805249589875,0
Visitacion Valley,2019,1327,192,495,3787.0,329830.0,3499.0,0.960845955987425,12.706332649191381,1.0823092312089169,17068.0,1092.0,84093.0,8263.0,50509.0,,,77.74783220060932,11.249121162409187,29.001640496836185,0.06397937661120225,4.926939301617061,0.4841223341926412,2.9592805249589875,0
Visitacion Valley,2020,1368,233,606,3787.0,343933.0,3500.0,0.9608571428571429,12.748202149944033,1.082,17068.0,1092.0,84093.0,8263.0,50509.0,,,80.14998828216545,13.651277243965314,35.505038668854,0.06397937661120225,4.926939301617061,0.4841223341926412,2.9592805249589875,0
Visitacion Valley,2021,1168,218,486,3787.0,354825.0,3500.0,0.9608571428571429,12.779379989167458,1.082,17068.0,1092.0,84093.0,8263.0,50509.0,,,68.43215373798922,12.772439653152096,28.474337942348253,0.06397937661120225,4.926939301617061,0.4841223341926412,2.9592805249589875,0
Visitacion Valley,2022,1223,171,578,3807.0,370502.0,3500.0,0.962,12.82261412181437,1.0877142857142856,17068.0,1092.0,84093.0,8263.0,50509.0,,,71.65455823763769,10.018748535270682,33.86454183266932,0.06397937661120225,4.926939301617061,0.4841223341926412,2.9592805249589875,0
Visitacion Valley,2023,1373,185,706,3957.0,389481.5,3488.0,0.9653096330275229,12.872571646374174,1.134461009174312,17068.0,1092.0,84093.0,8263.0,50509.0,,,80.44293414576987,10.838996953363019,41.36395594094212,0.06397937661120225,4.926939301617061,0.4841223341926412,2.9592805249589875,0
West Of Twin Peaks,2018,2739,177,1518,14287.0,576091.5,13470.0,0.9668893838158872,13.264021781228708,1.0606533036377135,36882.0,86594.0,186613.0,4294.0,66349.0,,,74.26386855376607,4.799088986497479,41.15828859606312,2.34786616777832,5.059731034108779,0.11642535654248685,1.7989534190119842,0
West Of Twin Peaks,2019,2772,146,1577,14360.0,611767.0,13470.0,0.9671121009651077,13.324106770048354,1.0660727542687454,36882.0,86594.0,186613.0,4294.0,66349.0,,,75.15861395802831,3.958570576432948,42.75798492489561,2.34786616777832,5.059731034108779,0.11642535654248685,1.7989534190119842,0
West Of Twin Peaks,2020,2350,119,1467,14356.0,648870.0,13469.0,0.9671839037790482,13.382987667455456,1.0658549261266612,36882.0,86594.0,186613.0,4294.0,66349.0,,,63.716718182311155,3.2265061547638414,39.77550024402147,2.34786616777832,5.059731034108779,0.11642535654248685,1.7989534190119842,0
West Of Twin Peaks,2021,2456,153,1508,14279.0,678157.0,13471.0,0.9674857100437978,13.427134103537691,1.0599806992799348,36882.0,86594.0,186613.0,4294.0,66349.0,,,66.59074887478987,4.148365056124939,40.88715362507456,2.34786616777832,5.059731034108779,0.11642535654248685,1.7989534190119842,0
West Of Twin Peaks,2022,2508,155,1567,14306.0,723169.0,13471.0,0.9677084106599362,13.491398222097123,1.06198500482518,36882.0,86594.0,186613.0,4294.0,66349.0,,,68.00065072393036,4.20259205032265,42.486849953907054,2.34786616777832,5.059731034108779,0.11642535654248685,1.7989534190119842,0
West Of Twin Peaks,2023,2690,158,1707,14309.0,780300.0,13429.0,0.9706605108347606,13.567433740104853,1.0655298235162707,36882.0,86594.0,186613.0,4294.0,66349.0,,,72.93530719592214,4.283932541619218,46.282739547746864,2.34786616777832,5.059731034108779,0.11642535654248685,1.7989534190119842,0
Western Addition,2018,4751,371,2808,10070.0,577306.0,4108.0,0.9459591041869523,13.266127734204785,2.4513145082765337,22066.0,42078.0,109907.0,17714.0,30346.0,93712.0515638208,11.44798207856653,215.30861959575816,16.813196773316413,127.25459983685309,1.9069156167860055,4.980830236563039,0.802773497688752,1.3752379225958489,0
Western Addition,2019,4951,372,2703,10060.0,605438.0,4118.0,0.9460903351141331,13.313707442017476,2.442933462846042,22066.0,42078.0,109907.0,17714.0,30346.0,102306.01969365426,11.535723793743736,224.372337532856,16.858515363001903,122.49614791987673,1.9069156167860055,4.980830236563039,0.802773497688752,1.3752379225958489,0
Western Addition,2020,3770,335,2014,10144.0,633445.0,4118.0,0.9463331714424478,13.358928455716232,2.463331714424478,22066.0,42078.0,109907.0,17714.0,30346.0,138751.73051847253,11.84044150373611,170.8510831142935,15.181727544638811,91.27163962657482,1.9069156167860055,4.980830236563039,0.802773497688752,1.3752379225958489,0
Western Addition,2021,3816,376,2054,9741.0,643868.0,4120.0,0.9463592233009709,13.375249015133386,2.3643203883495145,22066.0,42078.0,109907.0,17714.0,30346.0,138438.88316044796,11.838184230398392,172.93573823982598,17.03978972174386,93.08438321399439,1.9069156167860055,4.980830236563039,0.802773497688752,1.3752379225958489,0
Western Addition,2022,4578,452,2570,8738.0,673026.0,4129.0,0.9491402276580285,13.419539240867257,2.1162509082102203,22066.0,42078.0,109907.0,17714.0,30346.0,153146.81984347917,11.939152347066411,207.46850358016857,20.48400253784102,116.4687754917067,1.9069156167860055,4.980830236563039,0.802773497688752,1.3752379225958489,0
Western Addition,2023,4526,451,2313,8548.0,693774.0,4127.0,0.9500848073661255,13.449901538038997,2.0712381875454327,22066.0,42078.0,109907.0,17714.0,30346.0,122721.79168972003,11.717675216312955,205.11193691652315,20.438683948155532,104.82189794253603,1.9069156167860055,4.980830236563039,0.802773497688752,1.3752379225958489,0
